{
  "0": [
    86.08333333333333,
    59.666666666666664,
    7.0,
    3.4166666666666665,
    5.166666666666667,
    9.583333333333334
  ],
  "1": [
    84.29545454545455,
    61.68181818181818,
    8.204545454545455,
    3.5,
    5.0227272727272725,
    9.590909090909092
  ],
  "2": [
    81.95121951219512,
    94.63414634146342,
    8.0,
    4.7317073170731705,
    4.219512195121951,
    3.1951219512195124
  ],
  "3": [
    80.49333333333334,
    94.16,
    7.0,
    4.76,
    4.333333333333333,
    2.84
  ],
  "4": [
    47.625,
    45.2,
    4.0,
    9.65,
    6.225,
    6.075
  ],
  "5": [
    48.42857142857143,
    46.476190476190474,
    6.0,
    9.380952380952381,
    6.619047619047619,
    6.0
  ],
  "6": [
    79.08333333333333,
    61.75,
    6.0,
    9.0,
    4.5,
    4.0
  ],
  "7": [
    59.42857142857143,
    66.85714285714286,
    5.0,
    7.904761904761905,
    3.6666666666666665,
    4.904761904761905
  ],
  "8": [
    76.91666666666667,
    65.08333333333333,
    8.0,
    9.0,
    5.166666666666667,
    3.6666666666666665
  ],
  "9": [
    54.333333333333336,
    62.666666666666664,
    7.0,
    7.833333333333333,
    3.1666666666666665,
    5.083333333333333
  ],
  "10": [
    59.67123287671233,
    65.75342465753425,
    6.013698630136986,
    7.958904109589041,
    3.164383561643836,
    4.780821917808219
  ],
  "11": [
    80.66666666666667,
    77.73333333333333,
    10.0,
    2.6666666666666665,
    9.933333333333334,
    3.066666666666667
  ],
  "12": [
    42.9375,
    37.5625,
    5.0,
    9.875,
    5.9375,
    7.125
  ],
  "13": [
    50.411764705882355,
    44.11764705882353,
    5.0,
    9.352941176470589,
    6.235294117647059,
    5.0588235294117645
  ],
  "14": [
    74.63157894736842,
    65.52631578947368,
    7.0,
    8.789473684210526,
    5.0,
    3.8947368421052633
  ],
  "15": [
    82.1,
    60.2,
    7.0,
    8.7,
    4.9,
    3.7
  ],
  "16": [
    76.13636363636364,
    71.11363636363636,
    7.0,
    4.0227272727272725,
    7.954545454545454,
    5.0227272727272725
  ],
  "17": [
    55.666666666666664,
    50.75,
    10.0,
    7.25,
    2.4166666666666665,
    7.0
  ],
  "18": [
    58.94117647058823,
    50.450980392156865,
    8.92156862745098,
    6.96078431372549,
    2.6666666666666665,
    7.137254901960785
  ],
  "19": [
    89.73333333333333,
    84.13333333333334,
    10.0,
    4.266666666666667,
    9.066666666666666,
    3.066666666666667
  ],
  "20": [
    57.4,
    48.5,
    4.0,
    7.2,
    4.2,
    9.8
  ],
  "21": [
    68.28888888888889,
    65.68888888888888,
    8.0,
    6.022222222222222,
    2.7111111111111112,
    8.133333333333333
  ],
  "22": [
    55.16279069767442,
    50.906976744186046,
    5.0,
    6.883720930232558,
    4.325581395348837,
    9.418604651162791
  ],
  "23": [
    58.77142857142857,
    53.82857142857143,
    6.0,
    6.9714285714285715,
    5.057142857142857,
    9.228571428571428
  ],
  "24": [
    77.15384615384616,
    74.38461538461539,
    9.0,
    2.923076923076923,
    9.076923076923077,
    2.923076923076923
  ],
  "25": [
    85.9090909090909,
    76.27272727272727,
    9.0,
    3.090909090909091,
    9.909090909090908,
    3.8181818181818183
  ],
  "26": [
    67.3,
    67.3,
    7.0,
    6.1,
    3.0,
    7.9
  ],
  "27": [
    63.333333333333336,
    58.75,
    7.0,
    6.5,
    5.25,
    8.916666666666666
  ],
  "28": [
    89.125,
    86.75,
    9.0,
    3.0,
    9.125,
    2.5
  ],
  "29": [
    82.71428571428571,
    77.85714285714286,
    8.0,
    4.928571428571429,
    9.071428571428571,
    3.4285714285714284
  ],
  "30": [
    77.04347826086956,
    71.52173913043478,
    8.0,
    3.260869565217391,
    9.521739130434783,
    2.782608695652174
  ],
  "31": [
    85.88888888888889,
    82.62962962962963,
    9.0,
    4.0,
    9.62962962962963,
    2.8518518518518516
  ],
  "32": [
    86.0,
    85.125,
    9.0,
    5.0,
    9.625,
    2.875
  ],
  "-1": [
    68.7275,
    66.1945,
    7.042,
    6.1915,
    5.534,
    5.579
  ]
}